,Ld588,Ld589,Ld590,Ld591,Ld592,Ld593,Ld594,Ld595,Ld596,Ld597,LDLR-VLDLR-INPUT-1,LDLR-VLDLR-INPUT-2,LDLR-VLDLR-INPUT-3,LDLR-VLDLR-INPUT-4,Le588,Le589,Le590,Le591,Le592,Le593,Le594,Le595,Le596,Le597,Lm588,Lm589,Lm590,Lm591,Lm592,Lm593,Lm594,Lm595,Lm596,Lm597,Sd588,Sd589,Sd590,Sd591,Sd592,Sd593,Sd594,Sd595,Sd596,Sd597,Se588,Se589,Se590,Se591,Se592,Se593,Se594,Se595,Se596,Se597,Sm588,Sm589,Sm590,Sm591,Sm592,Sm593,Sm594,Sm595,Sm596,Sm597,Vd588-1-1,Vd589-1-1,Vd590-1-1,Vd591-1-1,Vd592-1-1,Vd593-1-1,Vd594-1-1,Vd595-1-1,Vd596-1-1,Vd597-1-1,Ve588-1-1,Ve589-1-1,Ve590-1-1,Ve591-1-1,Ve592-1-1,Ve593-1-1,Ve594-1-1,Ve595-1-1,Ve596-1-1,Ve597-1-1,Vh588-1-1,Vh589-1-1,Vh590-1-1,Vh591-1-1,Vh592-1-1,Vh593-1-1,Vh594-1-1,Vh595-1-1,Vh596-1-1,Vh597-1-1
AACTAGCG,0,17,35,11,8,17,48,21,9,1,21,17,24,20,11,18,33,28,8,128,0,29,11,12,22,16,5,1,72,16,19,1,165,168,18,39,0,16,5,107,330,0,362,61,35,1385,930,25,117,13,960,0,777,304,275,486,109,809,1,6,67,1,75,130,10,23,42,20,12,119,147,0,193,72,98,80,68,79,20,138,165,0,131,40,165,108,195,148,14,568,297,0,9,1
AAGAGGAT,43,235,88,62,124,243,138,172,264,6,37,59,55,51,61,95,178,91,195,102,257,150,193,157,81,83,9,51,26,20,186,0,86,246,96,95,75,244,193,112,168,1,197,232,47,182,184,9,260,79,105,0,32,223,92,276,155,236,28,136,3872,0,122,203,408,749,70,299,15,406,277,0,385,802,278,371,213,232,17,153,315,0,577,1384,527,263,884,693,19,571,542,1,6,1
AAGTCTAG,0,21,27,0,18,22,57,38,20,1,15,18,19,23,0,0,40,30,80,3,53,12,25,38,22,163,3,6,5,275,101,0,127,138,7,46,64,14,13,84,55,0,30,44,16,245,125,9,151,6,294,0,115,37,68,191,54,312,1,22,41,0,47,78,69,151,27,24,18,164,56,0,154,191,46,59,40,46,14,79,74,0,90,28,84,56,171,126,22,241,157,0,4,0
AATATACG,25,20,14,0,69,61,90,38,23,5,20,16,17,25,16,0,21,21,1,51,43,27,114,29,49,77,2,15,0,19,35,0,60,75,79,26,24,62,86,120,63,0,57,45,15,100,142,4,64,97,106,0,126,87,39,303,0,134,7,12,22,0,62,61,97,58,44,67,22,180,131,0,62,169,66,56,41,27,17,56,101,0,97,36,95,80,227,126,14,261,126,0,5,0
AATCGGTT,1,0,0,0,0,17,0,1,0,0,77,87,109,90,0,0,0,0,0,1,0,0,0,0,0,0,0,0,0,0,0,0,25,24,0,2,0,4,0,49,4,0,1,0,0,0,0,0,0,0,0,0,9,5,0,43,0,0,0,0,0,0,0,10,0,4,1,0,1,0,133,0,6,26,16,14,9,18,0,9,12,0,26,5,4,9,14,14,0,16,41,0,0,0
AATGCTAC,2,0,14,0,0,2,86,84,124,0,13,9,9,8,1,1,118,39,49,23,86,30,96,62,66,2,9,2,6,7,102,0,28,27,33,72,22,51,36,79,33,0,16,17,6,66,3,0,61,8,26,0,11,34,22,61,27,79,0,159,12,0,0,79,156,107,21,86,20,51,137,0,127,160,74,90,44,62,11,34,81,0,70,21,97,24,198,200,9,115,113,0,8,0
ACGCTAGC,5,102,88,93,90,278,272,557,115,2,192,221,238,222,101,65,2067,270,325,191,130,432,291,424,164,43,18,10,57,112,469,0,238,289,139,176,171,166,198,437,167,0,152,254,27,509,146,13,183,45,287,0,106,316,110,122,82,249,8,189,113,0,133,215,273,502,314,421,278,1105,1444,0,792,1119,819,820,514,644,176,393,738,0,1030,185,1273,483,1990,1492,144,1450,1390,0,121,1
ACGCTCCA,0,0,0,0,0,0,9,10,0,0,15,30,30,21,0,0,17,2,0,6,0,33,6,44,9,0,2,0,0,15,1,0,68,36,0,6,6,10,0,109,4,0,31,18,2,62,20,1,29,3,29,0,40,68,21,90,0,26,4,0,28,0,21,14,0,79,44,33,28,225,203,0,97,251,113,139,56,84,14,73,175,0,184,27,265,89,263,301,19,275,328,0,3,2
ACGTCGAA,2,2,40,17,18,21,58,37,25,1,11,3,15,6,25,19,24,11,52,22,25,58,26,27,42,4,1,5,2,15,50,0,1,0,3,25,29,14,19,66,23,0,2,29,5,54,26,0,32,10,48,0,9,17,24,64,0,36,2,19,59,0,36,48,17,99,30,88,16636,105,180,3,111,174,37,76,44,382,4941,39,73,0,57,38,59,39,160,88,14217,130,127,0,13503,3
ACTATCTC,10,0,1,7,9,165,257,105,28,5,13,7,9,12,28,0,59,36,141,50,0,117,60,72,85,1,10,7,0,3,90,0,57,65,58,90,18,306,49,195,70,0,32,24,11,231,159,3,50,18,147,0,86,23,109,144,65,34,2,29,26,0,31,59,447,94,12,55,18,184,108,0,152,135,28,48,28,38,11,43,59,0,104,12,36,38,114,98,6,187,116,0,5,1
ACTCAAGT,368,560,393,146,205,427,4086,633,736,6,392,438,413,470,248,274,214,113,777,586,562,654,200,837,1558,301,34,50,85,144,1075,0,576,433,205,890,1283,926,232,821,528,0,197,478,44,2790,843,16,791,31,2365,1,743,287,317,361,289,859,15,474,371,0,354,638,685,912,580,620,54,1876,1577,1,910,2054,864,846,626,719,11,496,852,1,764,355,1445,1315,2350,1525,33,2155,1750,0,17,2
AGAGTAAG,1,27,0,0,0,22,88,81,50,0,0,0,0,0,0,0,43,47,19,13,53,13,60,23,49,8,5,2,0,35,158,0,6,0,7,40,122,22,42,13,126,0,9,32,4,10,1,0,93,0,32,0,0,8,0,0,26,0,0,30,1,0,0,8,78,474,1,43,8,375,101,0,0,0,1,0,11,4,7,2,5,0,23,4,0,15,16,28,1,2,44,0,0,0
AGCATGCG,0,22,39,0,52,8,24,8,0,0,11,16,11,16,2,0,7,5,33,12,10,0,5,18,0,11,0,1,0,9,18,0,103,55,0,14,5,42,0,17,40,0,42,10,4,88,24,2,0,2,69,0,63,37,41,114,0,233,2,9,25,0,32,22,11,33,20,16,12,12,39,0,0,75,15,17,8,16,3,31,29,0,25,34,24,23,63,15,12,137,56,0,8,0
AGCTCGGA,0,4,26,1,18,31,30,37,17,0,11,14,13,14,1,0,88,40,58,45,27,156,83,51,58,19,4,2,2,8,52,0,22,0,1,28,51,32,8,62,47,0,21,70,10,112,22,2,73,3,54,0,29,39,49,80,0,97,3,11,134,1,34,21,36,99,30,50,7,186,69,0,64,185,105,98,67,66,8,52,86,0,90,30,149,89,299,177,4,224,124,0,6,0
AGGAAGAG,2,29,44,20,0,73,104,28,137,1,26,45,40,37,12,7,112,23,25,40,6,4,43,12,32,24,4,11,7,34,25,0,370,473,9,77,13,26,4,89,119,0,197,39,31,586,184,10,2,23,382,0,363,186,111,322,34,84,3,6,52,0,49,120,37,103,87,30,14,154,523,1,222,316,177,163,117,134,12,173,262,0,179,57,254,145,404,382,26,699,608,0,6,0
AGGACCGA,2,22,43,34,19,175,129,76,8,2,5,7,4,6,0,0,50,51,78,48,69,26,130,73,79,6,16,3,13,12,101,0,133,52,40,64,43,116,236,70,68,0,36,35,8,63,12,1,98,5,113,0,119,56,54,269,1,15,1,25,17,0,50,36,187,86,13,17,18,57,97,0,96,65,21,22,28,47,18,45,58,0,25,18,40,43,128,125,16,174,119,0,14,0
AGGCGCTA,3,27,9,0,0,45,51,53,76,0,11,14,19,28,32,2,27,53,10,19,91,62,108,37,29,0,5,3,0,9,50,0,38,28,12,36,65,28,0,64,49,0,52,36,3,25,1,2,0,3,6,0,49,22,17,94,0,27,2,22,15,0,58,30,31,58,30,84,20,76,172,0,126,69,75,107,43,64,9,30,76,1,38,27,123,47,229,153,5,149,122,0,9,0
AGGCTCAT,13,64,67,32,115,136,290,339,198,2,111,124,134,115,83,75,457,222,305,245,276,273,466,286,369,75,25,26,32,20,512,0,315,408,149,214,175,232,109,314,222,0,257,121,38,407,183,11,1695,28,300,0,200,255,288,306,247,203,12,143,83,0,154,176,623,615,171,287,326,520,690,1,385,482,388,363,176,332,91,203,281,0,455,96,514,285,966,629,185,955,650,0,136,2
AGTCCGGT,0,21,2,16,72,29,41,32,124,2,25,23,22,26,17,10,19,15,45,36,10,86,55,13,21,1,6,4,0,18,30,0,229,81,9,40,15,21,0,87,48,0,150,51,9,225,210,10,2,12,206,0,274,88,181,199,78,340,5,10,26,1,126,76,56,35,41,41,34,112,269,0,56,167,89,84,64,41,15,101,99,0,88,27,105,82,190,144,20,312,269,0,18,0
AGTTACCG,64,255,195,54,215,337,317,132,253,8,156,206,196,208,74,134,159,98,281,91,161,276,143,347,59,268,11,44,77,33,98,0,349,527,81,144,26,136,117,431,159,0,191,217,77,572,577,22,415,173,430,0,169,320,292,599,339,706,28,59,221,0,201,260,282,489,284,502,50,731,1217,0,781,834,400,393,256,314,15,294,425,1,573,168,622,399,1153,669,22,1494,749,0,15,0
ATAGAATC,0,95,43,17,0,100,27,41,129,1,11,12,13,15,21,46,53,34,16,23,100,41,39,57,24,16,2,1,11,11,65,0,129,261,33,44,38,21,12,61,101,0,222,29,5,263,105,12,45,3,149,0,180,145,231,236,60,79,1,24,43,0,31,49,49,50,18,13,2,59,445,0,30,182,58,75,46,66,3,66,51,0,104,17,78,90,200,112,6,293,170,0,0,0
ATCAATTG,25,333,639,90,528,529,602,507,1625,8,209,262,266,269,171,312,1176,414,443,606,500,1096,965,766,292,403,39,90,101,181,1093,0,873,1025,539,455,423,334,208,695,739,0,1123,463,103,575,642,40,561,110,1242,0,622,392,400,836,735,1313,20,249,254,1,759,529,1515,1002,370,569,58,2277,2845,0,1122,1996,477,753,445,431,23,1336,1047,1,1149,351,773,1023,2282,1416,26,3330,2122,0,36,1
ATGAGATG,2,6,0,0,25,40,36,18,26,0,7,12,19,12,8,30,31,22,25,11,7,10,28,59,23,0,0,0,0,12,27,0,55,78,6,19,14,24,80,28,34,0,59,73,5,117,116,4,38,2,37,0,44,37,0,50,0,183,1,25,88,1,14,129,42,80,23,5,6,79,46,0,35,95,23,59,18,42,4,28,35,0,47,33,39,20,78,59,2,152,82,0,0,0
ATGGTAGA,2,0,0,22,29,0,17,27,49,8,5,10,5,5,0,8,36,23,18,22,15,9,54,33,27,6,3,7,1,3,49,0,16972,57,12,14,28,42,10,31,26,0,0,29,6,14,220,1,35,20,6,0,4,29,1,35,0,1,1,23,14,0,9,48,105,65,16,49,30,89,44,0,15,136,34,25,30,55,19,24,46,0,47,13,101,55,128,97,15,122,102,0,11,1
ATTAGGAC,11,35,43,8,14,57,40,9,67,2,20,27,34,31,66,27,69,10,18,58,21,33,36,35,6,55,11,12,0,29,7,0,136,451,38,58,3,34,0,71,151,0,322,68,37,444,514,14,24,169,489,0,528,114,280,551,136,478,4,14,62,0,109,85,118,163,60,177,17,212,347,0,93,455,184,186,90,167,6,249,228,0,268,53,193,237,454,303,14,864,602,0,4,1
ATTATAGT,1,51,42,13,47,93,183,110,49,2,18,11,15,13,34,40,80,57,42,67,47,128,154,102,53,23,5,8,7,55,109,0,73,82,45,132,38,46,70,102,73,0,11,60,15,198,153,2,62,10,109,0,77,82,115,122,83,373,0,32,31,0,98,44,136,101,29,42,8,228,240,0,96,198,42,59,29,43,22,55,22,0,51,14,63,42,165,112,7,252,137,0,8,0
ATTCGAGA,18,328,282,38,419,957,815,642,910,11,161,202,205,181,96,184,767,602,655,284,394,865,1085,1001,883,102,73,18,133,367,817,0,2409,997,327,748,712,745,355,1483,1671,1,1931,633,157,3376,3440,76,663,122,3771,0,2263,1329,1311,3479,946,2657,22,778,723,0,1097,740,1455,1706,307,296,243,978,2252,2,1289,1458,478,741,289,524,165,910,953,0,684,276,765,444,1448,1376,150,3768,1808,0,131,1
ATTGGTTC,36,410,203,141,268,611,12285,991,685,12,104,142,138,137,138,180,533,357,860,400,439,405,810,3227,507,138,52,70,96,67,627,1,477,1330,1474,748,362,781,442,590,499,1,275,794,68,1586,624,23,805,64,604,1,433,1101,548,942,273,762,23,242,10235,2,173,1501,1194,5813,225,679,522,1101,1351,1,2077,1554,692,833,478,598,271,494,1043,1,926,221,1247,582,1918,1500,268,1702,1198,0,364,2
CAAGAAGG,2,0,13,0,0,64,74,46,145,1,15,14,18,20,12,0,89,34,46,2,26,50,57,61,42,10,4,4,13,45,63,0,135,181,17,52,20,55,33,52,69,0,133,38,12,191,92,6,2,13,111,0,139,73,140,189,0,145,4,17,35,0,51,20,65,107,34,51,26,220,178,0,65,187,55,80,47,42,15,67,79,0,102,23,105,82,204,177,18,289,213,0,3,0
CAGAAGCA,1,36,13,0,0,84,101,56,0,0,5,11,9,7,14,3,42,66,55,62,27,46,58,40,32,0,10,0,3,21,142,0,78,19,0,52,51,33,10,6,59,0,114,24,8,44,56,5,34,4,106,0,57,21,57,92,0,131,0,22,20,0,40,67,85,48,8,24,2,25,71,0,23,27,28,34,23,40,4,34,31,0,112,14,51,28,81,44,4,151,128,0,0,0
CAGGTACC,2,0,0,1,0,36,81,43,29,1,12,17,19,15,0,0,34,19,37,1,15,102,15,56,24,0,5,3,6,11,33,0,8,27,70,44,19,33,5,45,45,0,17,15,6,20,8,0,65,5,14,0,16,16,1,105,0,23,1,8,2,0,31,22,69,55,34,49,47,146,158,0,90,245,79,103,58,77,33,36,75,0,186,25,178,69,196,179,14,149,118,0,5,0
CATAATAG,33,183,194,87,100,247,165,127,306,7,267,305,281,299,155,66,235,39,169,65,197,236,121,475,71,245,19,125,43,30,89,0,450,475,123,126,81,170,93,604,169,0,382,315,36,521,750,18,316,85,451,0,248,291,382,487,316,715,42,69,2618,1,264,309,293,988,411,505,185,1418,1280,0,695,1505,737,794,385,645,103,455,670,2,931,569,1196,542,3270,1290,53,2083,1500,0,26,2
CATCATTA,0,94,39,35,83,119,69,82,35,0,27,34,35,42,62,28,144,75,52,65,74,83,142,46,46,29,4,13,10,11,155,0,85,249,16,70,37,234,55,98,100,0,80,57,11,156,182,8,163,8,117,0,79,64,108,43,38,126,2,98,43,0,35,135,123,204,61,122,19,209,266,1,161,150,154,126,85,62,11,92,107,0,156,39,202,90,417,228,18,285,198,0,8,0
CATCGCCA,0,0,22,0,1,0,100,196,2,1,19,20,27,18,28,13,26,72,72,12,39,16,137,63,321,14,5,1,6,9,135,0,38,33,34,31,19,37,49,71,39,0,20,11,5,37,34,1,23,1,56,0,13,12,1,30,0,1,0,31,86,0,20,6,75,167,36,97,12,121,140,0,146,172,88,100,57,78,4,65,129,0,146,22,137,69,280,182,4,252,129,0,2,0
CCAAGATT,122,0,0,0,0,0,29,44,24,13,1,4,4,4,0,2,0,17,17,1,32,0,14,17,16,26,5,211,4,1,13,0,8,32,23,10,19,21,26,35,20,2,8,2,62,20,30,1,2,140,14,0,5,15,0,4,28,22,20,54,0,0,23,0,134,130,12,184,12,26,24,0,17,48,22,25,14,23,1,20,42,0,82,2,42,60,97,93,4,68,64,1,5,0
CCGCAGAG,3,53,39,16,43,100,45,36,23,4,12,9,12,10,13,1,53,32,21,29,98,21,85,59,39,33,0,1,2,4,37,0,85,158,20,18,39,21,8,29,64,0,171,68,23,103,86,3,114,17,64,1,125,52,95,33,24,160,2,8,35,0,16,40,32,79,25,65,10,62,164,0,212,170,59,48,58,60,9,48,82,0,90,15,80,59,185,102,11,225,224,0,6,0
CCGCTGCT,65,33,1,1,0,34,57,94,84,23,12,19,25,17,10,0,49,90,39,65,149,64,168,117,80,42,10,61,0,49,384,0,55,38,3,76,67,29,81,60,74,0,24,56,21,136,64,5,31,41,120,0,50,61,88,118,42,74,34,78,13,0,19,49,257,223,23,102,13,67,193,0,68,390,77,62,44,57,12,39,78,0,135,21,143,116,202,131,5,230,81,0,4,0
CCGTTCGG,4,38,25,13,8,0,0,10,111,0,5,8,11,9,0,6,25,4,14,0,5,18,29,79,5,0,1,6,0,6,4,0,40,60,1,11,3,7,0,9,53,0,49,42,8,214,82,3,4,2,167,1,92,55,76,100,1,73,1,7,2,0,49,13,51,52,20,40,3,39,115,0,40,55,8,14,10,40,2,18,22,0,68,7,24,44,30,27,6,87,47,0,2,0
CCTCGATC,1,0,0,1,0,8,19,14,24,1,28,23,31,31,2,0,15,9,1,16,0,0,18,13,8,6,2,1,5,15,8,0,76,107,0,45,6,0,12,49,46,0,59,9,5,193,124,11,2,7,135,0,162,31,34,103,0,101,2,16,27,0,58,23,18,74,32,49,14,112,281,1,58,273,88,108,52,97,9,87,139,0,171,33,153,48,240,174,16,209,204,0,2,1
CGAACGCC,826,94,41,58,22,80,11,10,44,99,7,14,12,7,52,4,32,1,14,6,0,14,17,55,64,432,4,363,0,16,12,0,26,54,41,0,25,100,6,33,7,0,32,38,388,21,220,3,69,483,52,0,29,7,15,43,0,103,159,155,4,0,171,44,563,463,11,3701,5,120,97,0,138,90,45,49,41,30,5,28,117,0,59,19,78,855,142,117,5,143,127,0,5,0
CGAATATG,13,0,0,25,24,95,90,96,21,4,11,12,5,8,13,14,97,71,59,53,130,124,257,24,28,8,6,106,0,10,216,0,97,44,3,47,53,41,42,31,75,0,26,31,43,57,101,2,63,99,70,0,28,58,29,0,70,53,8,74,21,0,23,25,96,148,19,58,4,89,125,0,156,116,30,17,18,27,5,21,350,0,24,13,59,41,59,56,5,99,123,0,1,0
CGAGACGT,0,0,19,12,14,9,9,0,0,0,0,0,0,0,0,0,0,0,0,0,0,7,0,0,0,5,2,9,0,0,0,0,15,12,0,0,0,4,0,0,0,0,37,0,3,0,23,0,28,4,0,0,1,0,0,0,0,0,6,0,0,0,0,0,78,166,0,9,0,9,0,0,10,0,2,0,0,0,0,0,0,0,10,0,7,5,0,9,0,0,0,0,0,0
CGAGCAGC,19,177,83,30,146,137,263,230,283,25,303,418,405,375,124,55,345,172,180,259,70,191,331,243,161,71,116,19,39,646,276,0,472,425,122,198,54,229,146,806,317,0,276,133,43,662,838,11,223,36,512,0,411,284,254,1030,117,837,32,57,164,1,343,357,548,410,474,248,598,742,1281,0,698,898,400,447,292,411,474,343,479,0,619,248,727,449,1389,1109,321,1464,951,0,294,3
CGATGCTT,17720,663,361,998,370,349,276,68,873,1065,294,380,368,360,244,84,413,43,56,186,124,376,98,468,410,6918,38,18501,108,227,125,3,793,833,197,151,127,849,485,775,784,1,248,368,4556,735,2877,63,469,12416,898,0,374,378,838,964,529,1540,24187,2321,317,5,4985,413,13463,7918,466,8566,70,1733,1508,4,766,941,685,607,280,588,17,570,3396,0,985,699,921,4386,1689,1349,39,2507,1685,2,8,4
CGCCTATT,1,34,0,6,0,0,0,17,0,0,12,21,14,11,0,0,19,3,18,8,9,0,2,0,1,9,0,0,5,31,11,0,34,20,11,9,8,13,0,33,8,0,18,12,4,1,24,0,0,2,1,0,2,24,14,16,0,36,1,3,0,0,20,3,0,54,14,13,12,64,56,0,49,75,68,80,22,44,7,24,56,0,58,14,65,41,185,128,1,165,76,0,1,0
CGCGAGGC,9,59,63,43,41,60,252,141,77,3,40,52,55,44,2,14,96,70,95,125,61,60,109,255,98,57,18,27,17,29,144,0,162,137,192,162,44,156,21,166,83,0,62,101,16,165,32,2,31,31,120,0,76,38,40,243,46,291,8,40,60,1,92,161,387,184,70,123,114,354,239,0,310,586,180,171,119,145,55,76,147,0,195,50,274,115,337,255,39,429,258,0,47,0
CGCTCCGG,4,0,0,2,0,13,14,12,31,1,32,28,28,32,0,17,6,7,17,0,70,0,13,37,12,18,1,5,0,3,25,0,29,16,15,32,5,28,18,39,9,0,54,16,3,72,31,8,69,7,40,0,21,19,20,139,0,0,4,1,138,0,45,31,31,113,44,129,23,97,139,0,57,95,110,125,73,65,27,56,130,0,152,29,212,77,332,232,12,252,218,0,14,0
CGCTTAAC,8,53,0,3,5,77,415,251,127,3,11,10,11,13,27,0,285,272,306,178,251,208,1196,150,107,26,23,9,9,2,612,0,7,16,26,146,109,87,190,80,97,0,17,45,26,44,36,0,190,2,51,0,64,29,77,45,72,80,0,141,58,0,20,103,308,341,17,95,6,102,141,0,19,129,59,68,50,53,4,39,79,0,37,17,86,68,195,146,1,133,153,0,1,1
CGGTATCT,90,581,504,336,565,995,810,808,675,8,98,110,110,112,322,328,626,594,673,493,659,3077,1002,792,490,243,92,98,90,99,1495,0,847,843,418,473,540,641,1278,678,673,0,795,595,94,1006,974,16,1076,180,814,0,359,389,468,758,531,1097,53,310,243,4,326,685,2460,1999,254,806,327,2908,3809,2,6269,3794,578,606,404,576,153,767,1352,0,2565,279,685,670,2150,1600,157,2817,2413,0,99,10
CGGTCAAT,28,76,110,63,192,224,438,223,178,35,250,262,266,230,89,22,279,118,111,79,122,111,242,276,203,33,27,41,57,1403,183,0,273,404,188,238,115,408,153,646,176,0,179,202,80,364,296,12,270,20,319,0,199,375,233,1216,113,263,48,156,180,0,137,357,390,698,345,736,1017,1334,1423,0,1042,949,797,938,426,660,828,459,925,0,959,235,1334,548,1655,2024,543,1865,1460,0,432,0
CGTACTAC,0,26,0,0,0,12,0,3,0,1,14,22,16,15,9,0,16,4,0,0,0,15,11,0,0,0,2,0,0,3,18,0,59,51,0,20,1,8,0,11,59,0,189,31,14,128,184,3,0,2,96,0,72,149,65,65,128,177,0,10,6,0,18,4,0,48,22,22,7,86,70,0,47,14,57,47,46,50,8,37,30,0,64,16,88,53,117,151,0,198,82,0,0,0
CGTCCGCA,2,31,69,17,82,51,277,204,242,4,22,42,27,38,45,1,123,140,129,92,189,144,166,285,369,41,13,11,28,37,185,0,90,122,177,78,61,41,87,92,93,0,71,123,15,123,89,2,87,9,140,0,280,87,100,119,111,45,3,51,68,0,59,172,135,91,66,225,25,263,615,0,156,333,135,185,134,123,12,86,214,0,193,31,234,91,480,273,16,328,398,0,8,0
CGTTATGC,2,16,14,0,1,34,6,3,0,0,11,18,12,15,0,17,32,9,13,0,0,0,5,42,3,0,2,0,0,12,4,0,18,49,24,0,0,6,7,24,5,0,8,6,0,20,23,0,0,1,13,0,16,23,0,4,25,62,0,0,16,0,0,0,46,46,13,48,4,163,37,0,135,143,35,60,39,48,4,17,42,0,81,20,94,31,196,156,2,119,140,0,2,0
CTACCATT,4,120,0,0,34,23,30,23,0,1,19,28,28,28,22,0,29,10,10,45,18,41,23,45,15,33,0,5,7,346,20,0,186,102,14,52,4,6,25,77,78,0,36,93,21,454,92,9,76,17,211,0,245,166,204,237,21,181,0,17,42,0,125,28,54,170,39,58,16,149,253,1,126,149,53,68,51,67,15,74,103,0,147,50,66,93,217,111,11,396,205,0,4,1
CTACGAGG,0,44,22,0,0,20,15,35,66,1,14,11,12,16,0,1,8,29,34,0,9,75,32,74,19,10,0,6,3,5,70,0,53,9,11,22,9,27,8,29,26,0,10,37,2,61,41,0,35,0,15,0,25,34,9,16,1,2,4,11,1737,0,23,28,53,71,15,48,9,210,72,0,102,45,64,50,42,67,9,38,73,0,98,28,102,28,226,181,8,144,132,1,3,0
CTACTGAT,52,850,152,181,180,967,1793,1358,412,18,366,448,470,476,97,111,2115,831,761,661,810,797,1614,796,1065,168,138,42,130,243,1465,0,755,798,394,848,434,798,1545,979,1969,1,413,540,113,1086,705,26,618,59,862,0,518,670,380,1578,237,820,19,613,503,0,466,668,11076,1683,619,786,622,1402,4269,3,1329,1241,762,926,693,566,377,509,993,0,1269,526,1285,727,2233,1901,262,2087,1508,1,210,1
CTATATAC,34,44,0,17,0,16,61,40,10,1,4,5,10,9,0,13,57,20,45,42,2,29,58,0,14,888,16,14,1,22,49,0,0,75,24,29,9,12,20,26,28,0,0,10,10,35,28,0,0,2,3,0,22,35,21,0,30,1,2,11,4,0,22,15,541,573,16,114,4,149,144,1,144,201,114,104,51,78,7,50,76,0,181,8,167,52,311,244,5,185,81,0,3,1
CTCAACTA,3,0,11,25,6,135,10,17,36,0,26,35,36,49,0,22,93,21,0,50,37,14,25,106,26,30,7,8,7,855,15,0,133,45,41,43,42,44,19,116,58,0,65,62,8,214,204,5,71,6,214,0,56,25,73,87,31,115,5,8,42,0,16,43,6,91,60,71,41,483,382,0,96,346,154,155,101,143,38,221,262,0,239,64,177,154,387,309,9,663,452,1,14,0
CTCAGCAT,3,0,56,0,20,2,32,9,19,2,19,23,21,26,17,23,21,8,24,44,16,16,12,11,8,7,2,4,24,17,31,0,55,4,30,41,36,40,18,49,25,0,11,28,12,38,89,0,44,12,18,0,40,12,55,42,71,42,26,38,13648,2,39,7,57,110,24,74,14,322,135,0,73,134,103,77,62,76,22,49,96,0,66,53,169,48,205,231,6,166,172,0,3,0
CTCATAGG,1,4,3,26,0,41,3,19,80,0,8,15,20,15,0,1,22,8,23,14,11,41,30,15,5,24,4,3,0,18,5,0,103,75,0,23,7,1,15,45,21,0,109,27,10,96,17,1,3,10,94,0,82,33,78,191,59,100,5,10,21,0,47,41,42,113,19,17,14,83,103,0,62,123,41,45,21,26,9,56,43,0,73,22,59,46,97,63,5,210,115,0,0,0
CTCGTAAT,1,0,1,2,0,64,130,125,0,0,5,4,3,1,1,0,70,62,59,75,38,134,153,32,730,6,5,3,6,14,177,0,0,7,18,52,40,32,36,64,48,0,17,17,5,53,30,0,40,25,22,0,0,12,0,88,0,0,0,39,28,0,26,18,91,177,9,26,8,32,38,0,8,50,34,13,16,6,4,32,27,0,9,17,21,35,49,42,2,14,70,0,0,0
CTGCGACC,1,15,0,0,0,0,75,72,0,0,13,16,12,13,13,10,84,82,90,17,62,63,106,62,39,4,13,1,0,0,214,0,0,36,0,26,34,77,32,46,34,0,10,24,1,17,0,2,20,7,16,0,17,20,14,0,0,0,1,28,66,0,0,42,105,96,20,55,15,105,67,0,76,124,55,56,44,63,13,34,89,0,108,16,112,42,155,156,7,115,208,0,6,0
GAATCGTC,0,0,0,8,0,0,0,15,0,1,4,4,14,15,0,0,28,5,0,0,8,0,10,1,9,0,1,0,0,21,3,0,0,0,0,2,6,0,0,34,10,0,0,33,1,12,0,0,0,1,14,0,3,0,12,0,0,0,0,0,7,0,0,15,0,50,16,34,16,64,23,0,55,6,39,59,23,47,11,17,81,0,38,13,76,15,179,59,4,137,81,0,7,0
GACGATAA,196,74,0,47,11,40,37,43,51,113,8,12,14,20,63,14,53,25,18,42,31,0,20,123,72,423,4,1139,31,27,16,0,59,29,23,34,11,78,28,79,21,0,50,73,661,43,71,3,2,264,38,0,49,33,58,79,0,27,83,136,15,0,19,9,801,760,20,576,14,46,201,0,51,257,72,89,32,75,10,48,106,0,123,17,133,674,239,161,11,239,139,0,11,0
GACGCAAT,26,399,407,164,433,824,1536,1487,738,8,241,276,261,266,225,190,1677,1500,1604,1030,1027,1631,2596,1104,823,267,103,37,107,108,2059,0,530,714,593,1183,4490,915,617,732,1715,0,349,710,84,755,584,20,971,40,634,0,329,2855,393,766,847,623,22,727,227,0,491,907,4881,2774,369,802,205,1200,2158,3,1124,1555,670,702,523,594,105,420,680,0,810,232,1221,637,1615,1615,67,1607,1465,0,110,3
GACTTGAG,0,0,0,0,24,48,106,82,0,0,4,2,3,3,1,21,43,45,52,40,80,83,89,4,44,1,5,4,22,1,76,0,22,331,0,120,14,53,16,22,60,0,173,5,2,48,0,4,0,2,47,0,53,30,7,0,0,0,4,20,16,0,5,42,191,92,8,47,4,66,71,0,34,27,14,13,11,22,5,8,15,0,1,14,21,54,51,22,6,30,127,0,1,0
GAGAGTTG,2,82,36,0,1,21,101,57,40,3,40,55,52,42,61,10,204,42,19,5,27,45,63,55,20,11,7,9,0,5,105,0,23,14,9,44,21,34,26,83,65,0,34,122,7,42,112,1,146,1,26,0,18,222,33,51,24,82,1,41,78,0,34,181,82,136,64,132,21,328,224,0,114,347,190,263,129,177,6,113,226,0,224,44,425,207,731,377,14,396,338,0,8,0
GAGTATAC,3,111,53,0,0,53,18,12,23,4,7,10,13,9,13,21,26,8,1,26,14,16,27,30,4,46,0,4,3,9,34,0,53,72,0,45,50,14,0,60,33,0,53,28,9,151,66,4,0,27,125,0,108,12,146,158,0,104,0,14,54,0,51,61,109,70,21,36,4,66,205,0,78,134,34,44,13,41,6,43,76,0,68,28,65,46,67,53,2,234,65,0,8,0
GATCTACC,0,1,0,1,12,40,69,61,26,3,19,23,18,29,0,8,33,36,73,9,29,29,144,30,27,0,8,1,4,17,41,1,57,22,7,17,18,62,0,69,45,0,13,11,11,74,111,3,29,6,38,0,69,13,31,30,0,0,0,20,4,0,27,32,33,78,44,80,147,321,176,0,48,123,109,80,35,71,114,53,86,0,99,25,159,65,222,153,65,303,171,0,55,0
GATGGCCT,18,16,37,23,26,30,43,29,0,0,12,4,12,7,48,17,39,22,16,29,26,101,49,40,25,5,4,79,26,10,40,0,23,60,46,76,49,46,22,37,32,0,31,26,16,108,91,4,93,25,23,1,13,13,15,54,29,73,4,76,245,0,56,113,129,442,18,69,37,126,37,0,104,1,69,70,52,43,28,40,100,0,93,66,77,32,131,107,22,130,109,0,8,0
GATTCAAC,1,15,38,10,11,8,54,52,19,1,33,29,32,26,24,0,67,61,48,24,29,0,46,37,64,22,5,2,1,23,75,0,249,159,25,82,44,19,35,114,146,0,103,43,22,630,200,11,121,13,301,0,391,175,307,531,59,409,4,23,134,0,124,82,71,121,49,95,6,197,255,0,96,474,133,135,87,114,4,128,129,0,270,70,208,146,339,246,8,615,372,0,4,1
GATTCCGG,3,28,41,8,0,55,0,14,27,0,16,11,21,17,12,0,37,17,31,48,53,34,73,0,32,0,1,3,13,20,43,0,27,36,11,11,61,17,0,56,33,0,36,16,8,75,52,2,1,3,80,0,34,78,12,80,57,15,0,12,28,0,16,7,22,140,19,23,13,124,120,1,45,90,51,77,37,56,8,33,46,0,110,36,131,86,225,123,11,219,143,0,2,0
GCAGGACT,3,1,27,0,26,58,142,116,72,2,12,14,15,14,21,0,143,82,65,34,79,83,177,24,84,11,8,3,11,14,170,0,61,38,1,56,89,132,22,38,112,0,39,13,5,16,37,1,40,2,16,0,17,6,8,48,7,67,0,23,18,0,7,37,142,121,27,120,29,184,280,0,127,123,102,78,40,79,20,25,116,0,100,14,146,79,290,199,15,183,147,0,5,0
GCCTACCA,9,32,31,9,21,199,154,128,18,18,9,14,19,19,0,7,56,97,90,93,92,136,187,105,145,45,8,9,23,24,123,0,141,106,68,134,68,101,82,159,93,1,44,76,35,152,107,5,69,31,287,0,150,115,125,340,100,185,7,54,29,0,102,98,200,245,22,134,18,90,141,0,160,241,43,57,62,32,15,67,78,0,83,17,62,215,116,128,8,149,138,0,8,0
GCCTCTCG,1,19,23,0,15,14,73,30,0,2,12,18,19,16,0,0,28,20,0,28,108,70,69,121,44,17,4,1,0,3,59,0,220,23,62,42,98,23,34,40,38,0,27,63,4,41,52,5,0,0,27,0,5,45,31,43,0,0,3,24,66,0,1,61,36,78,25,86,13,161,248,0,108,100,67,68,35,45,5,47,93,0,74,20,152,45,184,110,10,143,97,0,3,1
GCGAATTC,97,83,187,18,114,376,416,442,412,4,89,98,117,105,16,83,368,296,497,319,285,366,571,212,869,583,34,18,70,35,585,0,946,376,76,663,490,259,113,318,584,0,761,290,55,1225,633,20,602,32,1055,0,666,280,405,537,89,942,8,163,1996,0,478,348,831,584,178,218,1637,459,1183,1,1707,931,356,394,296,350,263,449,592,0,532,239,476,423,1342,1198,735,1597,1251,0,1336,1
GCGAGTAT,5,0,0,16,2,240,271,399,140,9,17,19,19,32,2,16,395,289,338,175,341,394,601,196,188,32,24,5,115,29,760,0,103,19,57,177,887,360,134,218,378,0,18,126,32,74,24,1,138,5,38,1,33,86,75,258,25,81,16,125,97,0,18,264,693,485,49,282,54,339,447,0,279,352,159,179,146,135,21,100,181,0,201,41,256,203,534,457,21,308,400,0,17,1
GCTAATCG,3,63,1,0,14,31,523,26,30,0,10,7,14,20,0,18,31,13,26,20,11,51,45,48,34,22,3,6,5,49,57,0,29,110,9,14,30,27,10,24,34,0,0,21,4,63,41,2,88,2,43,0,18,17,56,20,1,25,4,12,86,0,14,31,95,94,22,56,3,69,120,0,133,25,107,91,36,54,7,39,83,0,166,41,99,58,173,131,3,131,127,0,1,0
GGACGTCC,1,16,18,0,0,37,85,79,0,0,5,12,9,1,0,0,27,17,56,31,48,14,38,31,9,0,1,1,1,10,35,0,14,37,4,22,15,66,6,50,27,0,8,28,3,42,43,2,23,4,16,0,31,10,2,56,0,0,3,8,2,0,0,34,296,50,14,44,16,39,65,0,39,91,54,63,56,54,20,19,81,0,99,15,94,51,150,129,12,80,130,0,10,1
GGATGAAG,4,44,0,1,0,46,135,102,61,1,10,10,12,11,0,0,61,57,102,31,31,117,149,67,46,0,6,1,3,9,94,0,34,25,15,113,25,31,30,61,24,0,3,39,16,68,0,1,0,6,31,0,10,6,19,104,79,0,4,23,12,0,0,30,64,99,21,60,20,179,159,0,53,161,55,85,34,52,15,34,82,0,114,22,123,35,180,134,12,141,216,0,8,0
GGCAGTAG,185,62,169,94,105,205,228,108,385,24339,85,112,123,117,111,65,183,80,98,180,244,198,269,765,106,222,182,403,39,149,178,0,635,576,120,164,366,2160,219,308,422,0,166,149,30004,878,559,74,244,1286,3581,2,631,284,493,853,152,760,2193,7103,1293,4,321,248,3150,2098,202,34369,54,888,928,2,789,507,361,449,444,562,42,587,924,0,664,236,666,9886,1634,1131,25,2231,2443,1,9,5
GGCGCCAA,4,0,19,17,0,0,4,3,0,0,8,5,12,12,0,0,12,2,3,21,0,18,5,25,7,0,0,0,0,13,4,0,57,0,11,2,5,4,0,16,11,0,48,3,1,11,22,0,1,0,36,0,6,37,0,50,0,55,0,0,25,0,44,14,9,38,17,67,23,62,95,0,89,167,76,62,51,66,16,28,63,0,91,7,123,58,155,78,15,151,78,0,10,0
GGCGCTTG,3,0,0,0,0,27,24,14,48,0,42,41,41,41,0,53,34,4,1,20,17,22,7,47,3,20,1,4,3,3,26,0,96,81,26,11,1,11,0,36,28,0,35,32,4,136,96,3,34,11,71,0,52,61,33,109,0,129,8,15,361,0,28,60,27,199,69,96,3,160,243,0,357,213,138,144,101,125,4,75,151,0,205,57,257,112,350,231,10,322,269,0,3,0
GGTCGGTC,2,6,19,9,0,40,51,35,103,1,11,7,12,7,0,0,45,17,45,16,17,54,28,58,9,0,4,34,2,0,20,0,28,12,32,22,8,30,9,32,24,1,0,42,5,28,21,0,35,10,71,0,19,22,0,20,54,34,0,6,36,0,3,4,75,36,21,32,9,111,69,0,68,62,46,84,31,43,15,25,64,0,106,20,95,25,178,129,6,106,115,0,4,1
GGTTAGAA,3,0,4,0,0,18,73,49,0,9,5,7,4,4,1,0,36,30,57,91,100,24,146,88,19,0,2,21,14,6,103,0,101,33,18,54,23,29,29,28,48,0,18,14,51,93,108,4,30,40,55,0,59,60,11,109,0,140,4,49,7,0,47,78,91,139,14,58,4,45,73,0,32,25,12,15,15,22,5,12,61,0,26,12,22,96,60,80,4,122,81,0,2,1
GTAATTGC,20,396,367,54,166,357,598,497,549,10,206,235,223,234,136,218,612,433,520,445,256,483,735,2107,247,101,28,28,126,675,736,0,1864,1561,515,730,844,1298,268,776,1470,0,1192,447,138,4414,2507,46,671,128,3628,1,3010,1206,1192,2870,403,2824,10,779,411,1,837,809,882,850,357,301,191,1319,4603,0,1244,1827,675,607,407,540,80,994,1613,0,1676,302,715,704,1857,1256,82,4614,2480,0,34,3
GTAGGCGG,1,0,20,7,22,78,28,184,62,0,11,7,7,7,0,0,28,18,60,31,40,34,67,24,437,0,2,5,4,6,28,0,8,0,4,24,17,49,8,22,14,0,12,8,1,39,13,0,32,2,10,0,9,19,1,26,47,0,1,23,6,0,0,52,38,32,15,26,81,62,42,0,0,69,56,54,52,50,72,30,38,0,55,16,57,26,126,112,31,75,133,0,41,0
GTCAATCT,7,0,0,13,10,1,11,43,44,0,17,17,18,11,12,11,34,32,26,49,12,73,52,36,18,10,7,5,0,2,70,0,20,11,5,22,17,50,21,16,28,0,10,25,4,10,19,0,44,2,6,0,2,6,31,32,0,75,1,15,9,0,0,13,94,246,22,69,44,41,102,0,126,65,71,78,43,48,17,43,81,0,84,18,95,53,267,129,27,149,124,0,25,0
GTCGAAGT,124,4544,5859,2810,4853,4326,2098,1114,6910,38,347,441,447,460,2934,3407,1857,299,2776,2579,3067,3861,1211,4451,550,2387,119,138,933,327,1109,0,2889,6493,2461,929,784,1216,2838,1644,757,2,4358,2452,215,2876,5637,129,6889,146,1927,1,1267,2189,3523,5186,7725,6301,39,837,1716,4,2597,2732,3218,2501,574,1862,122,4729,5301,2,4681,6580,1014,1009,557,901,17,576,1455,0,2634,351,1468,1002,3254,2624,55,2703,2461,1,70,13
GTCGCCTC,3,0,0,0,42,124,77,54,21,1,11,10,9,24,28,12,89,37,29,59,100,16,59,17,43,0,1,4,0,1,110,0,63,42,7,16,33,25,10,14,36,0,66,21,4,100,113,3,0,6,189,0,75,39,137,160,0,122,0,23,25,0,36,36,74,63,17,29,34,37,102,0,66,74,36,71,39,38,7,40,53,0,69,12,72,41,113,107,12,127,105,0,18,0
GTCTCCGT,1,78,55,6,25,37,12,2,92,3,33,39,40,49,0,11,28,6,26,117,22,40,27,15,19,2,6,3,15,74,23,0,428,100,17,70,9,31,33,97,148,0,300,40,16,498,454,18,30,15,363,1,449,99,349,433,175,432,7,10,22,1,120,133,36,185,50,48,32,218,280,1,163,317,114,132,95,129,20,163,189,0,230,44,188,166,328,289,13,568,535,0,6,0
GTTCGTAT,4,43,0,30,28,98,337,220,71,8,27,12,19,13,21,3,165,166,279,110,593,129,417,83,108,2,18,2,16,34,242,0,13,37,43,166,114,76,64,181,112,0,46,52,17,81,28,1,18,3,25,1,37,90,52,54,26,172,1,78,41,0,32,168,186,274,26,146,71,203,178,0,108,72,97,93,89,86,40,61,71,0,124,19,161,122,281,297,20,227,201,0,17,0
TAAGATGA,0,0,0,0,1,22,0,1,0,1,8,4,8,11,0,0,0,2,7,0,0,0,1,0,1,10,0,0,0,22,1,0,54,173,1,15,5,3,0,16,19,0,31,10,4,88,91,3,23,2,28,0,64,62,92,187,0,80,1,0,0,0,56,7,4,52,11,15,14,13,66,0,36,83,28,29,11,33,7,29,34,0,35,5,24,22,78,34,8,92,64,0,1,0
TACCTGCT,31,188,367,346,1028,635,956,499,317,12,313,313,349,339,121,79,730,414,641,413,471,569,913,654,300,157,39,76,91,97,536,0,1036,647,312,712,296,662,349,1137,675,0,613,450,125,1664,838,44,529,73,1539,1,649,441,779,1554,244,2665,31,1062,391,1,217,684,1409,1771,503,583,216,1760,2646,1,1276,1567,566,658,480,561,138,880,1160,0,1457,499,927,686,2349,1502,128,4409,2170,0,118,3
TAGAATTA,2,240,83,45,165,228,72,35,169,1,35,38,50,36,30,19,80,43,106,45,26,45,53,81,17,9,4,10,12,95,36,0,297,275,71,51,12,31,28,161,163,0,458,103,37,863,557,28,116,37,614,1,545,286,320,826,325,1155,7,14,209,0,193,121,56,162,74,61,58,305,370,0,155,485,88,161,87,158,44,173,187,0,200,73,173,205,441,712,18,1025,441,0,12,2
TAGATAGC,0,1,42,0,59,19,12,26,45,0,15,26,15,17,0,0,3,5,10,0,0,0,23,34,12,0,1,45,2,167,4,0,19,44,10,25,2,17,23,66,29,0,32,20,6,29,1,3,2,3,23,0,25,6,58,84,0,40,0,4,33,0,0,30,43,70,24,73,68,73,138,0,138,173,143,132,93,99,38,54,134,0,161,21,216,79,290,320,29,192,220,0,16,0
TAGATCCG,5,12,0,5,0,43,109,91,86,1,17,19,26,29,1,1,83,84,34,59,70,113,174,37,40,1,10,1,4,51,183,0,153,193,23,37,67,103,28,45,75,0,224,50,15,176,425,5,71,6,128,0,165,57,115,129,1,231,1,29,34,0,52,88,204,128,29,63,19,105,202,0,153,131,85,84,73,106,19,67,109,0,78,29,134,124,247,169,15,324,248,0,5,0
TAGTACGT,4,0,0,0,0,22,7,18,0,0,15,23,29,21,0,0,20,7,0,12,0,0,31,41,29,10,4,8,0,12,27,0,97,161,0,23,7,21,34,62,70,0,80,12,9,225,307,3,1,10,194,0,197,59,190,305,62,280,4,10,15,0,26,61,32,59,20,19,8,192,188,0,71,189,64,53,40,55,4,60,95,0,55,29,85,76,170,145,3,355,162,0,1,0
TATATCTA,2,0,44,29,49,0,0,4,92,1,8,7,7,11,0,1,15,3,45,15,13,0,17,35,7,13,2,0,0,8,4,0,8,98,9,0,8,33,7,80,8,0,55,15,9,26,1,0,67,2,7,0,27,26,16,0,27,18,3,9,153,0,18,64,36,87,22,72,4,76,133,0,106,97,52,97,26,67,7,19,89,0,82,24,110,60,176,163,4,171,193,1,3,1
TATGCCTT,0,29,0,45,28,103,29,49,139,0,7,15,11,15,12,1,62,49,50,67,74,56,120,49,28,51,5,1,4,32,97,0,147,60,16,83,56,27,21,55,130,0,164,45,14,423,185,6,24,6,251,0,200,162,250,304,2,417,6,44,181,1,72,18,97,103,30,17,13,188,105,0,94,247,49,50,56,35,8,73,93,0,64,24,73,106,146,112,4,357,116,0,4,0
TATTGACT,15,151,67,37,99,2349,3690,2290,449,4,33,49,40,45,8,63,1157,1041,1211,707,1028,1445,1793,586,984,51,125,30,155,41,1362,0,314,567,549,3070,475,1087,2211,2382,852,0,284,374,78,5473,338,12,623,20,931,0,180,294,309,1695,26,548,4,429,260,0,159,488,1613,1733,64,397,81,934,806,2,775,661,201,228,330,197,62,160,175,0,332,70,363,348,618,697,21,501,768,1,3,0
TCATTCCG,0,0,0,1,0,0,15,3,56,0,12,10,12,16,1,0,9,4,12,3,0,2,5,26,2,0,1,3,1,3,3,0,15,69,0,4,0,2,0,31,8,0,51,22,3,70,38,2,17,0,81,0,7,14,26,26,0,0,0,0,4,0,0,39,23,34,15,58,3,86,100,0,0,14,52,60,20,35,1,18,34,0,26,16,102,37,112,46,3,133,65,0,1,1
TCCAGGCG,165,199,142,127,374,525,800,565,521,208,318,352,384,351,117,134,745,440,720,412,501,695,742,357,376,148,52,271,260,24,715,0,497,715,227,346,876,394,712,603,486,1,349,383,229,880,541,24,504,232,315,0,248,240,370,321,270,587,237,865,213,1,134,532,883,3380,479,2661,106,1592,1812,1,1292,1883,740,880,442,621,45,422,740,1,822,251,1237,1592,2035,1306,44,1599,1262,0,35,0
TCCATTAT,39,0,0,29,0,21,56,42,50,15,5,9,10,11,0,0,22,29,4,21,13,21,49,3,21,20,7,48,0,6,49,0,24,37,0,65,24,34,1,48,58,0,12,26,41,73,36,3,45,429,53,0,25,33,42,17,0,57,7,9,4,0,21,19,136,114,10,53,2,89,90,0,110,21,32,39,15,12,4,17,27,0,6,15,53,111,115,60,1,75,92,0,0,0
TCCTGATG,3,299,119,37,0,146,77,42,21,2,42,57,66,56,2,5,154,34,43,80,49,58,158,60,29,15,8,5,24,348,82,0,327,243,46,44,15,19,0,158,166,0,247,71,33,454,341,8,266,23,423,0,478,164,258,541,189,589,2,35,60,0,149,183,206,284,97,67,12,260,318,0,56,233,112,118,86,140,10,166,172,0,212,71,146,174,425,245,11,665,313,0,4,0
TCGCCAAC,0,1,0,1,12,0,33,28,0,0,9,13,5,15,0,0,28,15,5,66,1,0,27,102,9,166,4,0,0,14,19,0,34,43,25,65,7,33,1,62,69,0,89,14,0,162,293,5,76,6,172,0,79,68,79,47,0,177,0,1,36,0,63,220,2,54,24,9,5,176,179,0,1,379,23,35,41,46,13,107,93,0,35,14,72,49,42,111,2,192,83,0,5,0
TCTAACTG,0,23,0,0,21,31,34,71,23,2,14,13,14,9,0,21,63,22,30,19,12,67,77,35,16,7,2,3,4,6,38,0,26,39,76,48,30,98,44,31,23,0,0,24,5,99,27,1,12,6,22,0,16,50,6,34,0,156,2,60,77,0,0,14,148,25,17,51,3,100,155,0,36,207,44,60,18,42,4,34,63,1,47,132,70,44,109,122,4,185,102,0,2,1
TCTAGAGT,2,7,0,0,0,16,61,29,0,0,14,11,9,19,0,1,36,23,12,24,48,19,61,37,16,6,6,2,3,7,64,0,95,22,12,60,4,35,0,41,65,0,40,11,5,107,69,3,0,9,132,0,121,36,101,220,55,59,1,18,48,0,36,42,105,20,21,18,6,67,108,0,62,65,42,34,24,26,5,49,50,0,62,16,29,30,103,99,1,121,126,0,1,0
TCTCCTAA,0,0,0,0,0,0,37,9,0,0,5,4,5,1,15,0,2,8,1,0,0,0,0,3,3,0,1,0,3,2,10,0,21,14,0,9,46,11,0,39,12,0,12,21,0,22,1,0,0,3,10,0,0,16,0,0,0,1,0,9,110,0,13,27,3,38,8,27,4,125,57,0,203,48,26,24,39,34,0,16,13,0,53,6,28,9,72,79,3,52,43,0,2,0
TCTGCGGA,4,42,25,57,0,26,16,12,26,1,24,33,24,24,9,11,25,12,38,33,0,8,28,28,8,23,3,4,4,16,25,0,154,203,29,21,0,10,12,100,82,0,348,22,12,424,165,6,1,11,204,0,216,175,62,212,48,229,1,4,96,0,48,46,62,146,51,68,5,265,152,0,45,71,91,103,56,74,3,72,157,0,125,36,140,74,310,102,6,395,234,0,1,0
TGAGTTCG,2,48,0,1,3,84,92,35,0,1,7,4,12,13,0,1,32,49,42,47,43,24,160,0,46,0,5,5,0,84,64,0,0,10,19,43,24,57,63,66,31,0,0,0,4,28,0,3,26,2,18,0,14,18,11,33,0,0,1,18,12,0,0,24,66,30,15,36,35,75,72,0,16,1,18,17,16,3,25,19,38,0,23,6,53,14,32,83,16,61,31,0,7,0
TGATATTG,175,9502,5698,3189,6086,4384,2261,555,10142,76,10,8,11,19,4146,4015,1698,159,3311,2644,4262,8980,945,16251,727,3671,151,562,1504,446,1950,0,2692,11060,3240,1149,800,1849,4480,1425,2174,2,4173,3296,259,3365,6390,190,9734,170,10659,2,1900,2790,3738,5678,8135,7538,119,905,2242,11,3405,3813,5306,2073,110,2091,292,4785,8158,1,8734,6662,477,547,392,547,146,248,1820,2,18407,413,780,629,2966,2204,109,2048,2360,0,115,16
TGATCTAT,0,0,0,28,0,15,12,11,32,0,14,17,13,14,8,0,6,5,0,21,0,36,16,13,8,0,1,1,4,53,27,0,2,23,21,8,4,7,4,49,9,0,25,10,1,39,0,1,0,3,25,0,8,53,30,61,0,57,2,0,5,0,23,43,18,51,27,47,12,61,71,0,84,167,67,59,55,81,14,45,92,0,132,17,114,44,191,160,9,200,126,0,2,0
TGCATGGT,27,53,49,187,33,175,195,136,158,12,18,21,28,29,21,28,118,96,128,133,102,118,153,204,105,26,22,35,9,1333,159,0,707,918,47,82,119,285,48,144,94,0,80,164,551,65,167,14,196,35,162,0,17,72,52,684,128,1,30,55,214,0,59,199,366,258,44,83,207,181,308,0,549,187,150,106,100,205,165,212,243,0,290,143,239,113,421,479,83,668,625,0,60,0
TGCGTATA,10,17,114,29,79,161,339,178,361,4,58,91,91,75,24,89,188,119,73,147,172,204,213,196,128,25,7,68,23,65,310,0,109,399,91,129,74,131,50,342,136,1,87,117,13,298,83,10,260,35,111,0,131,105,114,191,148,87,3,785,120,0,21,219,168,428,131,377,34,750,615,2,415,668,435,411,338,380,33,239,402,0,643,108,762,304,1105,888,32,910,797,0,9,1
TGCTCCTT,1,27,0,15,19,0,103,62,62,0,5,3,9,7,1,0,40,19,14,39,32,80,67,65,51,13,1,1,3,12,75,0,336,38,86,60,32,202,14,64,31,0,105,9,6,56,3,2,22,8,54,0,39,55,75,182,0,6,2,28,9,0,21,10,51,30,1,1,3,0,107,0,210,1,9,22,17,7,15,59,19,0,54,19,29,28,54,130,3,62,52,0,4,0
TGGAGACG,5,0,18,43,0,68,25,13,28,3,16,18,18,19,3,0,42,19,33,36,34,28,44,9,23,26,3,31,3,7,52,0,120,90,22,18,7,27,13,13,69,0,293,26,6,88,151,4,1,7,156,0,160,75,62,95,23,87,3,6,21,0,53,54,42,70,33,74,12,71,151,0,34,220,39,64,35,34,3,51,87,0,122,27,65,65,136,125,4,239,180,0,3,0
TTATTAAT,8,23,16,14,77,113,41,59,17,0,8,7,20,8,13,78,61,46,48,62,16,135,108,32,20,45,4,7,10,7,80,0,138,149,19,60,36,20,6,77,133,0,121,38,8,467,314,5,4,13,216,0,174,94,118,327,293,282,0,79,50,0,215,38,161,90,33,29,3,129,218,1,298,287,47,69,40,69,5,86,87,0,119,21,74,99,148,125,5,430,292,0,4,0
TTGCAACT,29,694,528,339,592,969,762,715,2220,18,149,156,173,154,294,360,413,1327,729,1055,2412,702,712,1076,1680,335,38,70,233,95,1385,0,676,954,494,946,533,574,407,770,582,1,595,665,85,2415,892,45,1272,56,795,1,400,683,562,1211,1084,1001,13,342,1609,2,745,730,1728,1231,236,529,2183,1856,1571,0,1913,3483,365,429,297,280,445,292,624,0,533,538,591,371,1923,873,624,1656,1044,0,302,3
TTGGATCC,4,82,0,2,15,69,114,93,3,1,11,12,16,14,14,1,128,80,46,90,104,124,149,25,52,14,7,3,6,0,128,0,28,45,33,52,60,45,24,67,103,0,10,70,3,187,43,1,179,11,33,0,29,98,1,37,32,69,3,28,40,0,30,79,111,171,30,81,18,213,233,0,116,266,96,115,55,82,4,66,117,0,92,37,141,113,350,221,9,213,291,0,5,0
TTGGCGTA,0,0,0,2,0,24,25,31,0,0,5,7,10,6,0,0,52,12,1,9,0,16,14,51,18,14,1,2,0,13,20,0,19,1,0,32,12,13,9,52,38,0,13,21,5,115,83,1,38,5,47,0,48,47,37,21,0,49,1,19,13,0,30,47,35,56,13,23,9,178,92,0,65,91,44,45,88,25,0,21,33,0,137,10,52,32,111,99,2,143,106,0,0,0
